Date,Open,High,Low,Close,Adj Close,Volume
2017-06-19,24.850000381469727,24.90999984741211,24.850000381469727,24.850000381469727,23.966453552246094,2900
2017-06-20,24.450000762939453,24.450000762939453,24.450000762939453,24.450000762939453,23.580677032470703,700
2017-06-21,24.56999969482422,24.56999969482422,24.440000534057617,24.440000534057617,23.571033477783203,700
2017-06-22,24.385000228881836,24.614999771118164,24.385000228881836,24.614999771118164,23.739810943603516,400
2017-06-23,24.93000030517578,25.0,24.93000030517578,24.975000381469727,24.08700942993164,5200
2017-06-26,25.049999237060547,25.229999542236328,25.049999237060547,25.18000030517578,24.28472137451172,3300
2017-06-27,25.34000015258789,25.34000015258789,25.209999084472656,25.209999084472656,24.313655853271484,300
2017-06-28,25.479999542236328,25.615999221801758,25.479999542236328,25.549999237060547,24.641565322875977,6500
2017-06-29,25.309999465942383,25.31999969482422,25.309999465942383,25.31999969482422,24.419742584228516,500
2017-06-30,25.469999313354492,25.600000381469727,25.469999313354492,25.600000381469727,24.689788818359375,2700
2017-07-03,25.600000381469727,25.600000381469727,25.600000381469727,25.600000381469727,24.689788818359375,0
2017-07-05,25.600000381469727,25.600000381469727,25.56999969482422,25.56999969482422,24.660858154296875,2200
2017-07-06,25.200000762939453,25.200000762939453,25.200000762939453,25.200000762939453,24.304012298583984,1000
2017-07-07,25.229999542236328,25.229999542236328,25.229999542236328,25.229999542236328,24.332942962646484,300
2017-07-10,25.290000915527344,25.290000915527344,25.100000381469727,25.100000381469727,24.207571029663086,2100
2017-07-11,24.899999618530273,24.899999618530273,24.899999618530273,24.899999618530273,24.014677047729492,500
2017-07-12,25.360000610351562,25.389999389648438,25.18000030517578,25.190000534057617,24.29436683654785,7500
2017-07-13,25.450000762939453,25.450000762939453,25.426000595092773,25.426000595092773,24.521974563598633,300
2017-07-14,25.426000595092773,25.426000595092773,25.426000595092773,25.426000595092773,24.521974563598633,0
2017-07-17,25.729999542236328,25.729999542236328,25.65999984741211,25.65999984741211,24.747655868530273,800
2017-07-18,25.649999618530273,25.649999618530273,25.440000534057617,25.440000534057617,24.535478591918945,800
2017-07-19,25.81999969482422,25.850000381469727,25.81999969482422,25.850000381469727,24.9309024810791,2400
2017-07-20,25.899999618530273,25.899999618530273,25.899999618530273,25.899999618530273,24.979122161865234,300
2017-07-21,25.700000762939453,25.700000762939453,25.700000762939453,25.700000762939453,24.78623390197754,200
2017-07-24,25.450000762939453,25.450000762939453,25.440000534057617,25.440000534057617,24.535478591918945,14200
2017-07-25,25.760000228881836,25.760000228881836,25.760000228881836,25.760000228881836,24.84409523010254,200
2017-07-26,25.760000228881836,25.760000228881836,25.760000228881836,25.760000228881836,24.84409523010254,100
2017-07-27,25.399999618530273,25.472999572753906,25.399999618530273,25.472999572753906,24.567306518554688,700
2017-07-28,25.472999572753906,25.472999572753906,25.472999572753906,25.472999572753906,24.567306518554688,100
2017-07-31,25.0,25.0,25.0,25.0,24.111120223999023,300
2017-08-01,24.899999618530273,25.200000762939453,24.790000915527344,25.200000762939453,24.304012298583984,17400
2017-08-02,24.75,24.75,24.604999542236328,24.604999542236328,23.730167388916016,1000
2017-08-03,24.510000228881836,24.510000228881836,24.194000244140625,24.209999084472656,23.349206924438477,2400
2017-08-04,24.489999771118164,24.530000686645508,24.43000030517578,24.520000457763672,23.648189544677734,2800
2017-08-07,24.530000686645508,24.59000015258789,24.450000762939453,24.5,23.6289005279541,500
2017-08-08,24.559999465942383,24.729999542236328,24.399999618530273,24.40999984741211,23.542098999023438,1600
2017-08-09,24.010000228881836,24.079999923706055,23.8799991607666,23.940000534057617,23.08881187438965,1800
2017-08-10,23.75,23.75,23.575000762939453,23.575000762939453,22.73678970336914,2200
2017-08-11,23.020000457763672,23.5,23.020000457763672,23.5,22.664457321166992,1900
2017-08-14,23.520000457763672,23.520000457763672,23.520000457763672,23.520000457763672,22.683744430541992,300
2017-08-15,23.209999084472656,23.219999313354492,23.18000030517578,23.18000030517578,22.355833053588867,1500
2017-08-16,23.25,23.309999465942383,23.25,23.309999465942383,22.481210708618164,3400
2017-08-17,23.0,23.077999114990234,22.850000381469727,22.850000381469727,22.037569046020508,3700
2017-08-18,22.600000381469727,22.75,22.600000381469727,22.75,21.941120147705078,300
2017-08-21,22.700000762939453,22.700000762939453,22.700000762939453,22.700000762939453,21.892902374267578,200
2017-08-22,22.850000381469727,22.90999984741211,22.836000442504883,22.90999984741211,22.095434188842773,700
2017-08-23,22.850000381469727,22.850000381469727,22.850000381469727,22.850000381469727,22.037569046020508,100
2017-08-24,22.93600082397461,22.959999084472656,22.93600082397461,22.959999084472656,22.14365577697754,500
2017-08-25,23.040000915527344,23.149999618530273,23.040000915527344,23.149999618530273,22.326900482177734,400
2017-08-28,23.100000381469727,23.100000381469727,23.100000381469727,23.100000381469727,22.278676986694336,1500
2017-08-29,22.988000869750977,23.1200008392334,22.893999099731445,23.1200008392334,22.2979679107666,13300
2017-08-30,23.100000381469727,23.200000762939453,23.100000381469727,23.149999618530273,22.326900482177734,11500
2017-08-31,23.399999618530273,23.459999084472656,23.31999969482422,23.350000381469727,22.51978874206543,10500
2017-09-01,23.5,23.6299991607666,23.5,23.6299991607666,22.78982925415039,200
2017-09-05,23.719999313354492,23.719999313354492,23.31999969482422,23.43000030517578,22.59694480895996,4200
2017-09-06,23.43000030517578,23.43000030517578,23.43000030517578,23.43000030517578,22.59694480895996,100
2017-09-07,23.43000030517578,23.43000030517578,23.43000030517578,23.43000030517578,22.59694480895996,0
2017-09-08,23.639999389648438,23.639999389648438,23.639999389648438,23.639999389648438,22.799476623535156,500
2017-09-11,23.834999084472656,23.860000610351562,23.780000686645508,23.780000686645508,22.934499740600586,1900
2017-09-12,23.780000686645508,23.780000686645508,23.780000686645508,23.780000686645508,22.934499740600586,0
2017-09-13,24.309999465942383,24.309999465942383,24.239999771118164,24.239999771118164,23.378143310546875,500
2017-09-14,24.239999771118164,24.239999771118164,24.239999771118164,24.239999771118164,23.378143310546875,0
2017-09-15,24.239999771118164,24.239999771118164,24.239999771118164,24.239999771118164,23.378143310546875,0
2017-09-18,24.239999771118164,24.239999771118164,24.239999771118164,24.239999771118164,23.378143310546875,0
2017-09-19,24.549999237060547,24.549999237060547,24.399999618530273,24.399999618530273,23.532453536987305,200
2017-09-20,24.399999618530273,24.399999618530273,24.399999618530273,24.399999618530273,23.532453536987305,0
2017-09-21,24.309999465942383,24.309999465942383,24.299999237060547,24.299999237060547,23.436012268066406,600
2017-09-22,24.299999237060547,24.299999237060547,24.299999237060547,24.299999237060547,23.436012268066406,100
2017-09-25,24.299999237060547,24.299999237060547,24.299999237060547,24.299999237060547,23.436012268066406,100
2017-09-26,24.940000534057617,24.940000534057617,24.8700008392334,24.8700008392334,24.04908561706543,700
2017-09-27,25.474000930786133,25.474000930786133,25.451000213623047,25.451000213623047,24.610904693603516,700
2017-09-28,25.360000610351562,25.360000610351562,25.280000686645508,25.280000686645508,24.44554901123047,900
2017-09-29,25.459999084472656,25.469999313354492,25.43400001525879,25.469999313354492,24.6292781829834,500
2017-10-02,25.639999389648438,25.719999313354492,25.639999389648438,25.673999786376953,24.826541900634766,1700
2017-10-03,25.950000762939453,25.950000762939453,25.850000381469727,25.850000381469727,24.99673843383789,500
2017-10-04,25.920000076293945,25.920000076293945,25.8700008392334,25.8700008392334,25.016077041625977,500
2017-10-05,25.940000534057617,25.958999633789062,25.940000534057617,25.950000762939453,25.09343719482422,600
2017-10-06,25.889999389648438,25.899999618530273,25.829999923706055,25.829999923706055,24.97739601135254,600
2017-10-09,25.851999282836914,25.851999282836914,25.851999282836914,25.851999282836914,24.99866485595703,200
2017-10-10,25.540000915527344,25.56100082397461,25.540000915527344,25.540000915527344,24.69696807861328,1300
2017-10-11,25.469999313354492,25.469999313354492,25.469999313354492,25.469999313354492,24.6292781829834,200
2017-10-12,25.440000534057617,25.440000534057617,25.29599952697754,25.34000015258789,24.503570556640625,1500
2017-10-13,25.389999389648438,25.389999389648438,25.389999389648438,25.389999389648438,24.551918029785156,200
2017-10-16,25.40999984741211,25.40999984741211,25.110000610351562,25.110000610351562,24.281158447265625,3300
2017-10-17,25.110000610351562,25.110000610351562,25.110000610351562,25.110000610351562,24.281158447265625,100
2017-10-18,25.110000610351562,25.110000610351562,25.110000610351562,25.110000610351562,24.281158447265625,100
2017-10-19,25.31999969482422,25.31999969482422,25.143999099731445,25.190000534057617,24.3585205078125,500
2017-10-20,25.190000534057617,25.190000534057617,25.190000534057617,25.190000534057617,24.3585205078125,100
2017-10-23,25.600000381469727,25.600000381469727,25.600000381469727,25.600000381469727,24.754987716674805,200
2017-10-24,25.709999084472656,25.709999084472656,25.600000381469727,25.600000381469727,24.754987716674805,800
2017-10-25,25.450000762939453,25.450000762939453,25.450000762939453,25.450000762939453,24.609939575195312,700
2017-10-26,25.459999084472656,25.459999084472656,25.420000076293945,25.420000076293945,24.580928802490234,700
2017-10-27,25.260000228881836,25.260000228881836,25.260000228881836,25.260000228881836,24.426212310791016,400
2017-10-30,24.659000396728516,24.700000762939453,24.659000396728516,24.700000762939453,23.88469696044922,700
2017-10-31,24.700000762939453,24.700000762939453,24.700000762939453,24.700000762939453,23.88469696044922,0
2017-11-01,24.510000228881836,24.510000228881836,24.450000762939453,24.450000762939453,23.642946243286133,1400
2017-11-02,24.450000762939453,24.6200008392334,24.450000762939453,24.503000259399414,23.694198608398438,1600
2017-11-03,24.360000610351562,24.360000610351562,24.360000610351562,24.360000610351562,23.555919647216797,200
2017-11-06,24.270000457763672,24.270000457763672,24.200000762939453,24.200000762939453,23.401199340820312,600
2017-11-07,24.200000762939453,24.200000762939453,24.200000762939453,24.200000762939453,23.401199340820312,0
2017-11-08,23.899999618530273,23.899999618530273,23.899999618530273,23.899999618530273,23.111103057861328,100
2017-11-09,24.229999542236328,24.360000610351562,24.229999542236328,24.270000457763672,23.468889236450195,3900
2017-11-10,24.42799949645996,24.42799949645996,24.42799949645996,24.42799949645996,23.62166976928711,100
2017-11-13,24.42799949645996,24.42799949645996,24.42799949645996,24.42799949645996,23.62166976928711,0
2017-11-14,24.23200035095215,24.23200035095215,24.23200035095215,24.23200035095215,23.432146072387695,300
2017-11-15,24.25,24.25,24.25,24.25,23.449548721313477,300
2017-11-16,24.25,24.25,24.25,24.25,23.449548721313477,100
2017-11-17,24.25,24.25,24.25,24.25,23.449548721313477,100
2017-11-20,24.25,24.25,24.25,24.25,23.449548721313477,100
2017-11-21,24.25,24.25,24.25,24.25,23.449548721313477,0
2017-11-22,25.709999084472656,25.709999084472656,25.69099998474121,25.69099998474121,24.842981338500977,2100
2017-11-24,25.610000610351562,25.610000610351562,25.610000610351562,25.610000610351562,24.76465606689453,300
2017-11-27,25.489999771118164,25.489999771118164,25.489999771118164,25.489999771118164,24.648616790771484,2000
2017-11-28,25.489999771118164,25.489999771118164,25.489999771118164,25.489999771118164,24.648616790771484,100
2017-11-29,25.489999771118164,25.489999771118164,25.489999771118164,25.489999771118164,24.648616790771484,100
2017-11-30,25.489999771118164,25.489999771118164,25.489999771118164,25.489999771118164,24.648616790771484,100
2017-12-01,26.09000015258789,26.09000015258789,25.799999237060547,25.799999237060547,24.948383331298828,900
2017-12-04,26.3799991607666,26.45800018310547,26.156999588012695,26.156999588012695,25.29360008239746,1900
2017-12-05,25.993999481201172,26.020000457763672,25.790000915527344,25.860000610351562,25.006406784057617,3700
2017-12-06,25.969999313354492,25.969999313354492,25.881000518798828,25.881000518798828,25.02671241760254,300
2017-12-07,26.06999969482422,26.06999969482422,26.06999969482422,26.06999969482422,25.209476470947266,100
2017-12-08,26.100000381469727,26.100000381469727,25.899999618530273,25.899999618530273,25.04508399963379,1700
2017-12-11,25.989999771118164,25.989999771118164,25.93000030517578,25.93000030517578,25.074092864990234,1100
2017-12-12,25.899999618530273,25.899999618530273,25.790000915527344,25.790000915527344,24.938716888427734,5200
2017-12-13,25.84000015258789,25.950000762939453,25.84000015258789,25.950000762939453,25.09343719482422,1600
2017-12-14,25.950000762939453,25.950000762939453,25.950000762939453,25.950000762939453,25.09343719482422,0
2017-12-15,25.799999237060547,25.799999237060547,25.799999237060547,25.799999237060547,24.948383331298828,200
2017-12-18,26.079999923706055,26.309999465942383,26.079999923706055,26.309999465942383,25.441551208496094,2100
2017-12-19,26.309999465942383,26.309999465942383,26.309999465942383,26.309999465942383,25.441551208496094,0
2017-12-20,26.469999313354492,26.469999313354492,26.469999313354492,26.469999313354492,25.596271514892578,2300
2017-12-21,26.530000686645508,26.530000686645508,26.525999069213867,26.530000686645508,25.65428924560547,800
2017-12-22,26.389999389648438,26.389999389648438,26.386999130249023,26.389999389648438,25.518909454345703,1100
2017-12-26,26.540000915527344,26.540000915527344,26.520000457763672,26.520000457763672,25.644620895385742,600
2017-12-27,26.360000610351562,26.360000610351562,26.15999984741211,26.15999984741211,25.409563064575195,600
2017-12-28,26.15999984741211,26.15999984741211,26.15999984741211,26.15999984741211,25.409563064575195,100
2017-12-29,26.100000381469727,26.100000381469727,26.100000381469727,26.100000381469727,25.351282119750977,100
2018-01-02,26.420000076293945,26.420000076293945,26.36400032043457,26.36400032043457,25.607711791992188,400
2018-01-03,26.260000228881836,26.260000228881836,26.260000228881836,26.260000228881836,25.506694793701172,1600
2018-01-04,26.32900047302246,26.32900047302246,26.32900047302246,26.32900047302246,25.573713302612305,300
2018-01-05,26.260000228881836,26.260000228881836,26.209999084472656,26.209999084472656,25.458127975463867,4000
2018-01-08,26.209999084472656,26.209999084472656,26.06999969482422,26.06999969482422,25.322147369384766,700
2018-01-09,26.09000015258789,26.12700080871582,26.09000015258789,26.12700080871582,25.37750816345215,800
2018-01-10,25.93000030517578,26.170000076293945,25.93000030517578,26.170000076293945,25.419275283813477,2400
2018-01-11,26.780000686645508,26.780000686645508,26.739999771118164,26.739999771118164,25.972925186157227,900
2018-01-12,26.94499969482422,26.94499969482422,26.94499969482422,26.94499969482422,26.172046661376953,200
2018-01-16,27.033000946044922,27.110000610351562,26.48900032043457,26.48900032043457,25.729122161865234,3500
2018-01-17,26.68000030517578,26.68000030517578,26.68000030517578,26.68000030517578,25.91464614868164,100
2018-01-18,26.690000534057617,26.690000534057617,26.690000534057617,26.690000534057617,25.924358367919922,800
2018-01-19,26.790000915527344,26.790000915527344,26.790000915527344,26.790000915527344,26.02149200439453,100
2018-01-22,27.100000381469727,27.15999984741211,27.100000381469727,27.15999984741211,26.380874633789062,400
2018-01-23,27.09000015258789,27.09000015258789,27.09000015258789,27.09000015258789,26.312883377075195,600
2018-01-24,26.899999618530273,26.899999618530273,26.799999237060547,26.8799991607666,26.10890769958496,3700
2018-01-25,26.75,26.75,26.75,26.75,25.98263931274414,1000
2018-01-26,26.809999465942383,26.809999465942383,26.809999465942383,26.809999465942383,26.040916442871094,200
2018-01-29,26.979999542236328,26.989999771118164,26.952999114990234,26.979999542236328,26.206039428710938,3400
2018-01-30,26.7450008392334,26.75,26.479999542236328,26.5,25.739809036254883,2700
2018-01-31,26.420000076293945,26.420000076293945,26.420000076293945,26.420000076293945,25.6621036529541,500
2018-02-01,26.170000076293945,26.43000030517578,26.170000076293945,26.354000091552734,25.59799575805664,3300
2018-02-02,25.90999984741211,25.90999984741211,25.701000213623047,25.701000213623047,24.963729858398438,700
2018-02-05,25.510000228881836,25.540000915527344,24.770000457763672,24.770000457763672,24.059436798095703,6400
2018-02-06,24.15999984741211,24.989999771118164,24.1299991607666,24.989999771118164,24.27312660217285,900
2018-02-07,25.149999618530273,25.280000686645508,25.079999923706055,25.280000686645508,24.554805755615234,10100
2018-02-08,25.100000381469727,25.100000381469727,24.889999389648438,24.920000076293945,24.205135345458984,4000
2018-02-09,24.920000076293945,24.920000076293945,24.920000076293945,24.920000076293945,24.205135345458984,0
2018-02-12,24.719999313354492,25.1200008392334,24.719999313354492,25.110000610351562,24.389680862426758,4200
2018-02-13,25.110000610351562,25.229999542236328,25.110000610351562,25.229999542236328,24.506240844726562,1200
2018-02-14,25.6299991607666,25.729999542236328,25.6299991607666,25.729999542236328,24.991897583007812,4300
2018-02-15,26.010000228881836,26.040000915527344,26.010000228881836,26.040000915527344,25.293006896972656,700
2018-02-16,26.059999465942383,26.149999618530273,26.059999465942383,26.100000381469727,25.351282119750977,9400
2018-02-20,25.950000762939453,25.950000762939453,25.950000762939453,25.950000762939453,25.205589294433594,100
2018-02-21,25.93000030517578,25.93000030517578,25.93000030517578,25.93000030517578,25.186159133911133,100
2018-02-22,26.149999618530273,26.209999084472656,26.149999618530273,26.195999145507812,25.444528579711914,600
2018-02-23,26.290000915527344,26.290000915527344,26.208999633789062,26.208999633789062,25.457157135009766,2800
2018-02-26,26.459999084472656,26.520000457763672,26.459999084472656,26.520000457763672,25.759235382080078,700
2018-02-27,26.579999923706055,26.579999923706055,26.579999923706055,26.579999923706055,25.817514419555664,100
2018-02-28,26.010000228881836,26.010000228881836,25.81999969482422,25.829999923706055,25.08902931213379,500
2018-03-01,25.739999771118164,25.8700008392334,25.6200008392334,25.6200008392334,24.885053634643555,1700
2018-03-02,25.719999313354492,25.719999313354492,25.719999313354492,25.719999313354492,24.982181549072266,200
2018-03-05,25.719999313354492,25.719999313354492,25.719999313354492,25.719999313354492,24.982181549072266,300
2018-03-06,25.719999313354492,25.719999313354492,25.719999313354492,25.719999313354492,24.982181549072266,0
2018-03-07,26.360000610351562,26.420000076293945,26.350000381469727,26.420000076293945,25.6621036529541,15600
2018-03-08,26.420000076293945,26.420000076293945,26.420000076293945,26.420000076293945,25.6621036529541,0
2018-03-09,26.420000076293945,26.420000076293945,26.420000076293945,26.420000076293945,25.6621036529541,100
2018-03-12,26.65999984741211,26.690000534057617,26.59000015258789,26.59000015258789,25.827228546142578,800
2018-03-13,26.670000076293945,26.756000518798828,26.6200008392334,26.6200008392334,25.856367111206055,5100
2018-03-14,26.65999984741211,26.65999984741211,26.510000228881836,26.540000915527344,25.778663635253906,5300
2018-03-15,26.489999771118164,26.489999771118164,26.309999465942383,26.31999969482422,25.564973831176758,1300
2018-03-16,26.584999084472656,26.586000442504883,26.579999923706055,26.579999923706055,25.817514419555664,3100
2018-03-19,26.709999084472656,26.709999084472656,26.420000076293945,26.420000076293945,25.6621036529541,700
2018-03-20,26.3799991607666,26.510000228881836,26.3799991607666,26.450000762939453,25.691246032714844,6000
2018-03-21,26.719999313354492,26.719999313354492,26.719999313354492,26.719999313354492,25.9534969329834,1400
2018-03-22,26.5,26.5,26.5,26.5,25.739809036254883,300
2018-03-23,26.0,26.15999984741211,25.979999542236328,26.15999984741211,25.409563064575195,8200
2018-03-26,26.209999084472656,26.329999923706055,25.889999389648438,26.329999923706055,25.574687957763672,2100
2018-03-27,26.229999542236328,26.229999542236328,26.209999084472656,26.209999084472656,25.540578842163086,700
2018-03-28,25.950000762939453,26.100000381469727,25.950000762939453,26.040000915527344,25.374923706054688,1800
2018-03-29,26.059999465942383,26.360000610351562,26.059999465942383,26.360000610351562,25.686748504638672,800
2018-04-02,26.219999313354492,26.219999313354492,25.56999969482422,25.56999969482422,24.916927337646484,1900
2018-04-03,25.979999542236328,25.979999542236328,25.979999542236328,25.979999542236328,25.316452026367188,200
2018-04-04,25.989999771118164,25.989999771118164,25.989999771118164,25.989999771118164,25.32619857788086,200
2018-04-05,26.579999923706055,26.709999084472656,26.579999923706055,26.600000381469727,25.92061996459961,5100
2018-04-06,26.600000381469727,26.600000381469727,26.600000381469727,26.600000381469727,25.92061996459961,100
2018-04-09,26.450000762939453,26.510000228881836,26.25,26.25,25.579559326171875,2700
2018-04-10,26.520000457763672,26.850000381469727,26.520000457763672,26.829999923706055,26.144744873046875,1200
2018-04-11,26.809999465942383,26.81999969482422,26.709999084472656,26.790000915527344,26.10576820373535,2900
2018-04-12,26.959999084472656,27.09000015258789,26.959999084472656,27.09000015258789,26.398103713989258,600
2018-04-13,27.209999084472656,27.209999084472656,26.84000015258789,26.93000030517578,26.242191314697266,1900
2018-04-16,27.020000457763672,27.1299991607666,27.020000457763672,27.1200008392334,26.427339553833008,6100
2018-04-17,27.329999923706055,27.399999618530273,27.280000686645508,27.3700008392334,26.67095375061035,13400
2018-04-18,27.5,27.6200008392334,27.5,27.6200008392334,26.914569854736328,3800
2018-04-19,27.31999969482422,27.31999969482422,27.0,27.030000686645508,26.339635848999023,2100
2018-04-20,26.979999542236328,26.979999542236328,26.68000030517578,26.68000030517578,25.998577117919922,4000
2018-04-23,26.850000381469727,26.850000381469727,26.639999389648438,26.709999084472656,26.02781105041504,8000
2018-04-24,26.790000915527344,26.790000915527344,26.709999084472656,26.709999084472656,26.02781105041504,1200
2018-04-25,26.280000686645508,26.530000686645508,26.280000686645508,26.510000228881836,25.832918167114258,3500
2018-04-26,26.489999771118164,26.579999923706055,26.450000762939453,26.510000228881836,25.832918167114258,3100
2018-04-27,26.670000076293945,26.670000076293945,26.329999923706055,26.5,25.823171615600586,2800
2018-04-30,26.57699966430664,26.57699966430664,26.190000534057617,26.190000534057617,25.52109146118164,2300
2018-05-01,25.84000015258789,26.229999542236328,25.84000015258789,26.229999542236328,25.560070037841797,500
2018-05-02,26.299999237060547,26.350000381469727,26.299999237060547,26.347999572753906,25.67505645751953,10800
2018-05-03,26.110000610351562,26.110000610351562,26.049999237060547,26.049999237060547,25.384666442871094,1400
2018-05-04,25.950000762939453,26.420000076293945,25.950000762939453,26.299999237060547,25.62828254699707,3700
2018-05-07,26.489999771118164,26.579999923706055,26.399999618530273,26.579999923706055,25.9011287689209,7700
2018-05-08,26.670000076293945,26.84000015258789,26.65999984741211,26.84000015258789,26.154489517211914,900
2018-05-09,26.950000762939453,27.049999237060547,26.850000381469727,27.049999237060547,26.35912322998047,2500
2018-05-10,27.110000610351562,27.309999465942383,27.110000610351562,27.239999771118164,26.544273376464844,7000
2018-05-11,27.309999465942383,27.38800048828125,27.309999465942383,27.34000015258789,26.641719818115234,2600
2018-05-14,27.610000610351562,27.610000610351562,27.594999313354492,27.610000610351562,26.904823303222656,700
2018-05-15,27.610000610351562,27.610000610351562,27.610000610351562,27.610000610351562,26.904823303222656,100
2018-05-16,27.825000762939453,28.030000686645508,27.81999969482422,28.0,27.284862518310547,6800
2018-05-17,28.079999923706055,28.200000762939453,28.079999923706055,28.200000762939453,27.47975730895996,900
2018-05-18,28.110000610351562,28.239999771118164,28.110000610351562,28.239999771118164,27.518733978271484,6700
2018-05-21,28.469999313354492,28.469999313354492,28.329999923706055,28.329999923706055,27.60643196105957,1600
2018-05-22,28.309999465942383,28.329999923706055,28.030000686645508,28.040000915527344,27.323843002319336,2600
2018-05-23,27.989999771118164,28.079999923706055,27.940000534057617,27.975000381469727,27.260501861572266,4700
2018-05-24,28.059999465942383,28.059999465942383,28.0,28.0,27.284862518310547,1000
2018-05-25,28.21500015258789,28.21500015258789,28.21500015258789,28.21500015258789,27.49437141418457,500
2018-05-29,28.31999969482422,28.329999923706055,28.308000564575195,28.329999923706055,27.60643196105957,700
2018-05-30,28.670000076293945,28.75,28.6200008392334,28.690000534057617,27.957237243652344,2100
2018-05-31,28.549999237060547,28.549999237060547,28.292999267578125,28.292999267578125,27.570377349853516,2700
2018-06-01,28.41699981689453,28.530000686645508,28.41699981689453,28.530000686645508,27.80132484436035,1000
2018-06-04,28.761999130249023,28.889999389648438,28.6200008392334,28.889999389648438,28.152130126953125,1700
2018-06-05,28.989999771118164,29.350000381469727,28.989999771118164,29.329999923706055,28.580890655517578,6100
2018-06-06,29.43000030517578,29.5,29.329999923706055,29.489999771118164,28.736806869506836,6200
2018-06-07,29.53700065612793,29.53700065612793,29.333999633789062,29.440000534057617,28.688081741333008,2300
2018-06-08,29.479999542236328,29.56999969482422,29.389999389648438,29.489999771118164,28.736806869506836,6500
2018-06-11,29.59000015258789,29.719999313354492,29.559999465942383,29.68000030517578,28.921953201293945,6600
2018-06-12,29.964000701904297,30.040000915527344,29.812000274658203,29.871000289916992,29.108076095581055,8500
2018-06-13,29.979999542236328,29.979999542236328,29.59000015258789,29.638999938964844,28.881999969482422,22700
2018-06-14,29.469999313354492,29.469999313354492,29.349000930786133,29.35099983215332,28.60135269165039,2700
2018-06-15,29.440000534057617,29.510000228881836,29.440000534057617,29.489999771118164,28.736806869506836,4600
2018-06-18,29.479999542236328,29.677000045776367,29.39900016784668,29.59000015258789,28.834253311157227,2800
2018-06-19,29.6200008392334,29.690000534057617,29.34000015258789,29.690000534057617,28.931697845458984,3000
2018-06-20,29.8799991607666,30.0,29.649999618530273,29.989999771118164,29.224035263061523,35000
2018-06-21,29.84000015258789,29.95400047302246,29.799999237060547,29.829999923706055,29.06812286376953,4300
2018-06-22,29.929000854492188,29.940000534057617,29.649999618530273,29.75,28.99016571044922,16000
2018-06-25,29.729999542236328,29.729999542236328,29.211000442504883,29.239999771118164,28.49319076538086,1900
2018-06-26,29.309999465942383,29.489999771118164,29.229999542236328,29.469999313354492,28.757644653320312,17100
2018-06-27,29.510000228881836,29.540000915527344,29.030000686645508,29.030000686645508,28.328277587890625,10600
2018-06-28,28.834999084472656,29.030000686645508,28.829999923706055,28.979999542236328,28.27948570251465,1400
2018-06-29,29.062999725341797,29.100000381469727,28.68199920654297,28.68199920654297,27.98868751525879,83000
2018-07-02,28.600000381469727,28.770000457763672,28.600000381469727,28.760000228881836,28.064804077148438,2900
2018-07-03,28.96500015258789,29.014999389648438,28.940000534057617,28.950000762939453,28.250211715698242,3100
2018-07-05,29.1200008392334,29.170000076293945,28.920000076293945,29.15999984741211,28.45513343811035,3700
2018-07-06,29.459999084472656,29.559999465942383,29.434999465942383,29.450000762939453,28.738126754760742,66000
2018-07-09,29.469999313354492,32.72999954223633,29.399999618530273,29.59000015258789,28.874740600585938,287300
2018-07-10,29.790000915527344,29.790000915527344,29.33799934387207,29.3799991607666,28.669815063476562,10000
2018-07-11,29.290000915527344,29.3700008392334,29.059999465942383,29.209999084472656,28.503925323486328,10700
2018-07-12,29.5,29.5,28.985000610351562,29.170000076293945,28.46489143371582,16200
2018-07-13,29.350000381469727,29.399999618530273,29.225000381469727,29.225000381469727,28.51856231689453,4500
2018-07-16,29.1200008392334,29.1200008392334,28.969999313354492,29.030000686645508,28.328277587890625,2800
2018-07-17,28.889999389648438,29.31999969482422,28.889999389648438,29.25,28.542957305908203,2900
2018-07-18,29.34000015258789,29.34000015258789,29.202999114990234,29.309999465942383,28.60150718688965,7900
2018-07-19,29.530000686645508,29.628999710083008,29.530000686645508,29.566999435424805,28.852293014526367,5000
2018-07-20,29.489999771118164,29.530000686645508,29.329999923706055,29.329999923706055,28.62102508544922,9400
2018-07-23,29.15999984741211,29.239999771118164,29.139999389648438,29.190000534057617,28.48440933227539,2100
2018-07-24,29.290000915527344,29.469999313354492,28.799999237060547,28.8799991607666,28.181903839111328,10700
2018-07-25,28.829999923706055,29.049999237060547,28.729999542236328,28.992000579833984,28.291194915771484,27400
2018-07-26,29.149999618530273,29.399999618530273,29.149999618530273,29.329999923706055,28.62102508544922,8100
2018-07-27,29.299999237060547,29.299999237060547,28.608999252319336,28.608999252319336,27.917451858520508,6800
2018-07-30,28.719999313354492,28.739999771118164,28.719999313354492,28.719999313354492,28.02577018737793,1000
2018-07-31,28.780000686645508,29.0,28.68000030517578,28.888999938964844,28.190683364868164,3000
2018-08-01,28.8700008392334,28.8700008392334,28.6200008392334,28.652000427246094,27.959413528442383,5000
2018-08-02,28.59000015258789,28.90999984741211,28.549999237060547,28.889999389648438,28.191659927368164,6500
2018-08-03,29.049999237060547,29.18000030517578,28.8799991607666,28.8799991607666,28.181903839111328,5500
2018-08-06,29.190000534057617,29.25200080871582,29.091999053955078,29.25,28.542957305908203,5100
2018-08-07,29.399999618530273,29.43000030517578,29.388999938964844,29.388999938964844,28.678598403930664,9900
2018-08-08,29.440000534057617,29.440000534057617,29.229999542236328,29.399999618530273,28.6893310546875,9900
2018-08-09,29.670000076293945,29.670000076293945,29.579999923706055,29.579999923706055,28.86498260498047,18600
2018-08-10,29.450000762939453,29.579999923706055,29.433000564575195,29.433000564575195,28.721534729003906,14100
2018-08-13,29.540000915527344,29.540000915527344,29.2549991607666,29.2549991607666,28.54783821105957,11700
2018-08-14,29.783000946044922,29.84000015258789,29.756000518798828,29.84000015258789,29.118696212768555,9600
2018-08-15,29.770000457763672,29.770000457763672,29.25,29.309999465942383,28.60150718688965,5800
2018-08-16,29.55299949645996,29.65999984741211,29.55299949645996,29.615999221801758,28.900110244750977,2500
2018-08-17,29.549999237060547,29.760000228881836,29.520000457763672,29.760000228881836,29.04062843322754,2200
2018-08-20,29.829999923706055,29.8700008392334,29.774999618530273,29.822999954223633,29.102108001708984,4100
2018-08-21,30.049999237060547,30.239999771118164,30.049999237060547,30.219999313354492,29.48950958251953,12400
2018-08-22,30.299999237060547,30.329999923706055,30.19499969482422,30.25,29.518789291381836,30200
2018-08-23,30.290000915527344,30.290000915527344,30.113000869750977,30.1200008392334,29.39192771911621,6800
2018-08-24,30.18000030517578,30.18000030517578,29.952999114990234,30.07200050354004,29.345090866088867,11500
2018-08-27,30.170000076293945,30.229999542236328,29.940000534057617,29.940000534057617,29.216278076171875,14600
2018-08-28,30.229999542236328,30.229999542236328,29.8700008392334,30.049999237060547,29.323619842529297,11600
2018-08-29,29.829999923706055,30.1200008392334,29.829999923706055,30.094999313354492,29.367530822753906,2700
2018-08-30,30.030000686645508,30.030000686645508,29.702999114990234,29.739999771118164,29.0211124420166,17200
2018-08-31,29.75,29.93000030517578,29.75,29.93000030517578,29.20652198791504,4600
2018-09-04,29.809999465942383,29.809999465942383,29.639999389648438,29.780000686645508,29.060148239135742,4600
2018-09-05,29.700000762939453,29.829999923706055,29.67799949645996,29.801000595092773,29.080642700195312,6800
2018-09-06,29.790000915527344,29.790000915527344,29.510000228881836,29.510000228881836,28.796672821044922,3400
2018-09-07,29.549999237060547,29.549999237060547,29.283000946044922,29.312999725341797,28.60443687438965,3000
2018-09-10,29.559999465942383,29.559999465942383,29.309999465942383,29.360000610351562,28.650299072265625,12300
2018-09-11,29.229999542236328,29.31999969482422,29.229999542236328,29.31999969482422,28.611268997192383,800
2018-09-12,29.299999237060547,29.299999237060547,29.079999923706055,29.290000915527344,28.581993103027344,2400
2018-09-13,29.315000534057617,29.35300064086914,29.190000534057617,29.190000534057617,28.48440933227539,2900
2018-09-14,29.149999618530273,29.350000381469727,29.149999618530273,29.329999923706055,28.62102508544922,6500
2018-09-17,29.200000762939453,29.25,29.1299991607666,29.149999618530273,28.445375442504883,3200
2018-09-18,29.18000030517578,29.329999923706055,29.18000030517578,29.229999542236328,28.523439407348633,1500
2018-09-19,29.34000015258789,29.34000015258789,29.1200008392334,29.1200008392334,28.416101455688477,2100
2018-09-20,29.170000076293945,29.420000076293945,29.170000076293945,29.420000076293945,28.708850860595703,4000
2018-09-21,29.450000762939453,29.450000762939453,29.350000381469727,29.350000381469727,28.64054298400879,4900
2018-09-24,29.200000762939453,29.200000762939453,28.90999984741211,29.04800033569336,28.345842361450195,5700
2018-09-25,28.950000762939453,28.950000762939453,28.858999252319336,28.889999389648438,28.281230926513672,7100
2018-09-26,28.85300064086914,28.979999542236328,28.85300064086914,28.979999542236328,28.369335174560547,3000
2018-09-27,28.920000076293945,29.0,28.829999923706055,28.829999923706055,28.222496032714844,4300
2018-09-28,28.780000686645508,29.010000228881836,28.780000686645508,28.850000381469727,28.242074966430664,8800
2018-10-01,28.860000610351562,28.860000610351562,28.329999923706055,28.329999923706055,27.733034133911133,11900
2018-10-02,28.25,28.479999542236328,27.94300079345703,27.950000762939453,27.361042022705078,14600
2018-10-03,27.933000564575195,28.28700065612793,27.933000564575195,28.190000534057617,27.595983505249023,15400
2018-10-04,27.952999114990234,27.969999313354492,27.75,27.860000610351562,27.272933959960938,12900
2018-10-05,27.899999618530273,27.899999618530273,27.28499984741211,27.530000686645508,26.94989013671875,9200
2018-10-08,27.43400001525879,27.610000610351562,27.309999465942383,27.540000915527344,26.959680557250977,9500
2018-10-09,27.6299991607666,27.6299991607666,27.360000610351562,27.440000534057617,26.861787796020508,7500
2018-10-10,27.399999618530273,27.399999618530273,26.65999984741211,26.65999984741211,26.098220825195312,20600
2018-10-11,26.673999786376953,26.860000610351562,26.3700008392334,26.43000030517578,25.873069763183594,12200
2018-10-12,26.75,26.760000228881836,26.190000534057617,26.399999618530273,25.843700408935547,20000
2018-10-15,26.43000030517578,26.770000457763672,26.309999465942383,26.770000457763672,26.205904006958008,16200
2018-10-16,26.600000381469727,27.25,26.600000381469727,27.25,26.675790786743164,3100
2018-10-17,27.329999923706055,27.329999923706055,26.773000717163086,27.06999969482422,26.499582290649414,9100
2018-10-18,27.059999465942383,27.059999465942383,26.459999084472656,26.516000747680664,25.957256317138672,13000
2018-10-19,26.60099983215332,26.65999984741211,26.06999969482422,26.100000381469727,25.550024032592773,6100
2018-10-22,26.290000915527344,26.43000030517578,26.209999084472656,26.3700008392334,25.814334869384766,7300
2018-10-23,26.06999969482422,26.329999923706055,25.649999618530273,26.260000228881836,25.70665168762207,7000
2018-10-24,26.260000228881836,26.260000228881836,25.3700008392334,25.3700008392334,24.835405349731445,25400
2018-10-25,25.565000534057617,25.849000930786133,25.565000534057617,25.780000686645508,25.236764907836914,5800
2018-10-26,25.510000228881836,25.56999969482422,25.040000915527344,25.3799991607666,24.84519386291504,11100
2018-10-29,25.839000701904297,26.030000686645508,25.329999923706055,25.3799991607666,24.84519386291504,12400
2018-10-30,25.360000610351562,26.226999282836914,25.360000610351562,26.18000030517578,25.628337860107422,2900
2018-10-31,26.43000030517578,26.43000030517578,26.204999923706055,26.225000381469727,25.672388076782227,3500
2018-11-01,26.3700008392334,26.760000228881836,26.3700008392334,26.75,26.18632698059082,2200
2018-11-02,26.899999618530273,26.899999618530273,26.899999618530273,26.899999618530273,26.33316421508789,100
2018-11-05,26.719999313354492,26.889999389648438,26.683000564575195,26.889999389648438,26.323375701904297,1800
2018-11-06,26.959999084472656,26.959999084472656,26.809999465942383,26.8799991607666,26.31358528137207,1200
2018-11-07,26.899999618530273,26.899999618530273,26.450000762939453,26.829999923706055,26.264638900756836,20200
2018-11-08,26.84000015258789,27.09000015258789,26.84000015258789,26.90999984741211,26.342954635620117,12900
2018-11-09,26.489999771118164,26.549999237060547,26.312000274658203,26.312000274658203,25.757556915283203,7100
2018-11-12,26.0,26.224000930786133,25.729999542236328,25.934999465942383,25.388500213623047,97100
2018-11-13,25.899999618530273,26.139999389648438,25.809999465942383,25.809999465942383,25.266132354736328,6600
2018-11-14,26.190000534057617,26.190000534057617,25.700000762939453,25.823999404907227,25.279836654663086,4000
2018-11-15,25.389999389648438,25.8700008392334,25.389999389648438,25.799999237060547,25.2563419342041,3500
2018-11-16,25.61199951171875,25.670000076293945,25.43000030517578,25.6299991607666,25.08992576599121,3200
2018-11-19,25.68000030517578,25.68000030517578,25.184999465942383,25.280000686645508,24.747303009033203,4700
2018-11-20,24.889999389648438,25.139999389648438,24.780000686645508,24.790000915527344,24.267627716064453,15900
2018-11-21,25.110000610351562,25.2549991607666,25.110000610351562,25.229999542236328,24.698354721069336,41900
2018-11-23,24.959999084472656,25.29199981689453,24.959999084472656,25.29199981689453,24.759048461914062,900
2018-11-26,25.530000686645508,25.56999969482422,25.329999923706055,25.440000534057617,24.9039306640625,6100
2018-11-27,25.34000015258789,25.399999618530273,25.219999313354492,25.260000228881836,24.727724075317383,8600
2018-11-28,25.149999618530273,25.774999618530273,24.952999114990234,25.75,25.2073974609375,9800
2018-11-29,25.829999923706055,25.959999084472656,25.600000381469727,25.719999313354492,25.178028106689453,5900
2018-11-30,25.420000076293945,25.75,25.40999984741211,25.75,25.2073974609375,10900
2018-12-03,26.229999542236328,26.229999542236328,25.777999877929688,25.920000076293945,25.373817443847656,8400
2018-12-04,25.899999618530273,25.899999618530273,24.8799991607666,24.89900016784668,24.37432861328125,12100
2018-12-06,24.649999618530273,24.799999237060547,24.420000076293945,24.799999237060547,24.277416229248047,14500
2018-12-07,24.969999313354492,24.969999313354492,24.190000534057617,24.27199935913086,23.760541915893555,4100
2018-12-10,24.170000076293945,24.350000381469727,24.0,24.2549991607666,23.743900299072266,7800
2018-12-11,24.690000534057617,24.690000534057617,24.10300064086914,24.29400062561035,23.782081604003906,7600
2018-12-12,24.558000564575195,24.767000198364258,24.479999542236328,24.479999542236328,23.96415901184082,9800
2018-12-13,24.270000457763672,24.31999969482422,23.902999877929688,23.969999313354492,23.46490478515625,5100
2018-12-14,23.649999618530273,24.09000015258789,23.600000381469727,23.610000610351562,23.11249351501465,13500
2018-12-17,23.489999771118164,23.6200008392334,23.110000610351562,23.149999618530273,22.66218376159668,45900
2018-12-18,23.299999237060547,23.617000579833984,23.299999237060547,23.399999618530273,22.90691566467285,18600
2018-12-19,23.530000686645508,23.68000030517578,22.950000762939453,23.03700065612793,22.55156707763672,8800
2018-12-20,23.020000457763672,23.06999969482422,22.3799991607666,22.594999313354492,22.118879318237305,11100
2018-12-21,22.610000610351562,22.790000915527344,21.966999053955078,22.006999969482422,21.543270111083984,118200
2018-12-24,21.724000930786133,22.030000686645508,21.6299991607666,21.6299991607666,21.275724411010742,9200
2018-12-26,21.65999984741211,22.76099967956543,21.65999984741211,22.76099967956543,22.388200759887695,5000
2018-12-27,22.399999618530273,22.757999420166016,22.149999618530273,22.757999420166016,22.385250091552734,174400
2018-12-28,22.979999542236328,23.270000457763672,22.899999618530273,23.059999465942383,22.682302474975586,834400
2018-12-31,23.229999542236328,23.229999542236328,22.850000381469727,23.18000030517578,22.800338745117188,16600
2019-01-02,23.260000228881836,23.540000915527344,23.18400001525879,23.489999771118164,23.105260848999023,85000
2019-01-03,23.209999084472656,23.26799964904785,22.940000534057617,23.035999298095703,22.658695220947266,6000
2019-01-04,23.15999984741211,23.979999542236328,23.15999984741211,23.969999313354492,23.5773983001709,21700
2019-01-07,24.149999618530273,24.6299991607666,24.149999618530273,24.493000030517578,24.09183120727539,14200
2019-01-08,24.670000076293945,24.780000686645508,24.541000366210938,24.780000686645508,24.374134063720703,22000
2019-01-09,25.0,25.18000030517578,24.979999542236328,25.049999237060547,24.639707565307617,16500
2019-01-10,24.809999465942383,25.030000686645508,24.690000534057617,25.0,24.59052848815918,12700
2019-01-11,24.84000015258789,25.229999542236328,24.84000015258789,25.170000076293945,24.75774383544922,40200
2019-01-14,25.200000762939453,25.209999084472656,24.969999313354492,24.969999313354492,24.561019897460938,15800
2019-01-15,24.969999313354492,25.059999465942383,24.850000381469727,24.979999542236328,24.57085609436035,20800
2019-01-16,25.18000030517578,25.260000228881836,25.079999923706055,25.139999389648438,24.728235244750977,17800
2019-01-17,25.229999542236328,25.510000228881836,25.21500015258789,25.399999618530273,24.983978271484375,9500
2019-01-18,25.510000228881836,25.760000228881836,25.469999313354492,25.610000610351562,25.190536499023438,149000
2019-01-22,25.60300064086914,25.60300064086914,25.149999618530273,25.209999084472656,24.797086715698242,23700
2019-01-23,25.34000015258789,25.34000015258789,25.020000457763672,25.200000762939453,24.78725242614746,24300
2019-01-24,25.200000762939453,25.402999877929688,25.200000762939453,25.290000915527344,24.87578010559082,12100
2019-01-25,25.639999389648438,25.719999313354492,25.6200008392334,25.700000762939453,25.279064178466797,13100
2019-01-28,25.44700050354004,25.604999542236328,25.43199920654297,25.56999969482422,25.151193618774414,6200
2019-01-29,25.399999618530273,25.433000564575195,25.25,25.31999969482422,24.905288696289062,14400
2019-01-30,25.299999237060547,25.6299991607666,25.295000076293945,25.5,25.082338333129883,13800
2019-01-31,25.481000900268555,25.6200008392334,25.465999603271484,25.6200008392334,25.200374603271484,16000
2019-02-01,25.56999969482422,25.56999969482422,25.3700008392334,25.520000457763672,25.102012634277344,10700
2019-02-04,25.440000534057617,25.760000228881836,25.440000534057617,25.760000228881836,25.33808135986328,5500
2019-02-05,25.780000686645508,25.90999984741211,25.75,25.889999389648438,25.465951919555664,14800
2019-02-06,25.760000228881836,25.84000015258789,25.709999084472656,25.735000610351562,25.31348991394043,12400
2019-02-07,25.6200008392334,25.649999618530273,25.260000228881836,25.40999984741211,24.993812561035156,14500
2019-02-08,25.375,25.375,25.239999771118164,25.29800033569336,24.883647918701172,4900
2019-02-11,25.459999084472656,25.590999603271484,25.459999084472656,25.590999603271484,25.171850204467773,3200
2019-02-12,25.81999969482422,25.950000762939453,25.81999969482422,25.950000762939453,25.52496910095215,58500
2019-02-13,25.8799991607666,26.117000579833984,25.8799991607666,26.020000457763672,25.593822479248047,3700
2019-02-14,26.030000686645508,26.219999313354492,26.030000686645508,26.18199920654297,25.7531681060791,15200
2019-02-15,26.339000701904297,26.459999084472656,26.339000701904297,26.44700050354004,26.01382827758789,2500
2019-02-19,26.34000015258789,26.670000076293945,26.34000015258789,26.6200008392334,26.183996200561523,9400
2019-02-20,26.440000534057617,26.700000762939453,26.440000534057617,26.694000244140625,26.25678253173828,13300
2019-02-21,26.739999771118164,26.739999771118164,26.3700008392334,26.450000762939453,26.01677894592285,5100
2019-02-22,26.299999237060547,26.440000534057617,26.299999237060547,26.429000854492188,25.996126174926758,3500
2019-02-25,26.65999984741211,26.65999984741211,26.509000778198242,26.509000778198242,26.074813842773438,15800
2019-02-26,26.3799991607666,26.6200008392334,26.3799991607666,26.399999618530273,25.96759796142578,12200
2019-02-27,26.229999542236328,26.5,26.229999542236328,26.5,26.065959930419922,11300
2019-02-28,26.389999389648438,26.461999893188477,26.3799991607666,26.43000030517578,25.997108459472656,8800
2019-03-01,26.729999542236328,26.760000228881836,26.420000076293945,26.6200008392334,26.183996200561523,7100
2019-03-04,26.600000381469727,26.600000381469727,26.10700035095215,26.174999237060547,25.74628448486328,5400
2019-03-05,26.110000610351562,26.149999618530273,25.98200035095215,25.98200035095215,25.55644416809082,6500
2019-03-06,25.90999984741211,25.90999984741211,25.576000213623047,25.579999923706055,25.161027908325195,5000
2019-03-07,25.440000534057617,25.450000762939453,25.209999084472656,25.281999588012695,24.867908477783203,4800
2019-03-08,25.09000015258789,25.111000061035156,25.0,25.111000061035156,24.699710845947266,6700
2019-03-11,25.485000610351562,25.54599952697754,25.48200035095215,25.54599952697754,25.12758445739746,9300
2019-03-12,25.540000915527344,25.540000915527344,25.458999633789062,25.458999633789062,25.042009353637695,13300
2019-03-13,25.6200008392334,25.670000076293945,25.559999465942383,25.610000610351562,25.190536499023438,30300
2019-03-14,25.43000030517578,25.469999313354492,25.332000732421875,25.332000732421875,24.917091369628906,9100
2019-03-15,25.280000686645508,25.450000762939453,25.259000778198242,25.259000778198242,24.845287322998047,4300
2019-03-18,25.42099952697754,25.5,25.270000457763672,25.450000762939453,25.033159255981445,9300
2019-03-19,25.639999389648438,25.639999389648438,25.219999313354492,25.270000457763672,24.856107711791992,12100
2019-03-20,25.040000915527344,25.3700008392334,24.927000045776367,25.07200050354004,24.661348342895508,4000
2019-03-21,24.84000015258789,25.459999084472656,24.84000015258789,25.413999557495117,24.99774742126465,11400
2019-03-22,25.177000045776367,25.177000045776367,24.611000061035156,24.611000061035156,24.207901000976562,3900
2019-03-25,24.6200008392334,24.729999542236328,24.479999542236328,24.690000534057617,24.285608291625977,5000
2019-03-26,24.809999465942383,25.040000915527344,24.649999618530273,24.735000610351562,24.412925720214844,5700
2019-03-27,24.68000030517578,24.940000534057617,24.68000030517578,24.915000915527344,24.59058380126953,7600
2019-03-28,24.90999984741211,25.209999084472656,24.90999984741211,25.093000411987305,24.766265869140625,3300
2019-03-29,25.3799991607666,25.3799991607666,25.093000411987305,25.093000411987305,24.766265869140625,700
2019-04-01,25.25,25.520000457763672,25.25,25.43600082397461,25.104799270629883,7100
2019-04-02,25.350000381469727,25.389999389648438,25.229999542236328,25.290000915527344,24.96070098876953,8100
2019-04-03,25.350000381469727,25.559999465942383,25.350000381469727,25.415000915527344,25.08407211303711,10900
2019-04-04,25.610000610351562,25.610000610351562,25.448999404907227,25.545000076293945,25.212377548217773,11200
2019-04-05,25.709999084472656,25.738000869750977,25.56999969482422,25.69499969482422,25.36042594909668,9200
2019-04-08,25.530000686645508,25.709999084472656,25.530000686645508,25.615999221801758,25.282455444335938,12500
2019-04-09,25.450000762939453,25.5,25.299999237060547,25.305999755859375,24.976491928100586,4800
2019-04-10,25.405000686645508,25.700000762939453,25.405000686645508,25.670000076293945,25.335750579833984,4500
2019-04-11,25.770000457763672,25.770000457763672,25.520000457763672,25.542999267578125,25.210405349731445,3000
2019-04-12,25.690000534057617,25.690000534057617,25.549999237060547,25.600000381469727,25.26666259765625,41000
2019-04-15,25.639999389648438,25.639999389648438,25.420000076293945,25.479999542236328,25.148223876953125,9100
2019-04-16,25.600000381469727,25.702999114990234,25.559999465942383,25.702999114990234,25.36832046508789,3100
2019-04-17,25.700000762939453,25.739999771118164,25.56999969482422,25.670000076293945,25.335750579833984,9100
2019-04-18,25.6200008392334,25.649999618530273,25.479999542236328,25.540000915527344,25.20744514465332,16300
2019-04-22,25.40999984741211,25.559999465942383,25.239999771118164,25.299999237060547,24.97056770324707,30700
2019-04-23,25.3700008392334,25.760000228881836,25.3700008392334,25.70599937438965,25.37128257751465,4100
2019-04-24,25.829999923706055,26.059999465942383,25.829999923706055,25.974000930786133,25.635793685913086,3600
2019-04-25,25.799999237060547,25.799999237060547,25.591999053955078,25.591999053955078,25.258766174316406,3700
2019-04-26,25.690000534057617,25.84000015258789,25.672000885009766,25.84000015258789,25.5035400390625,2400
2019-04-29,26.0,26.040000915527344,25.979999542236328,25.979999542236328,25.641714096069336,4700
2019-04-30,26.1299991607666,26.1299991607666,25.8700008392334,25.899999618530273,25.56275749206543,4000
2019-05-01,25.899999618530273,25.950000762939453,25.650999069213867,25.650999069213867,25.316999435424805,5200
2019-05-02,25.690000534057617,25.770000457763672,25.399999618530273,25.639999389648438,25.306140899658203,4600
2019-05-03,25.8700008392334,26.209999084472656,25.850000381469727,26.198999404907227,25.85786247253418,3000
2019-05-06,25.799999237060547,26.15999984741211,25.799999237060547,26.110000610351562,25.770023345947266,5200
2019-05-07,25.80500030517578,25.80500030517578,25.474000930786133,25.583999633789062,25.250871658325195,5900
2019-05-08,25.440000534057617,25.600000381469727,25.424999237060547,25.424999237060547,25.09394073486328,7900
2019-05-09,24.785999298095703,25.1299991607666,24.780000686645508,25.055999755859375,24.72974395751953,23600
2019-05-10,24.8799991607666,25.01099967956543,24.639999389648438,25.01099967956543,24.685333251953125,8700
2019-05-13,24.5,24.530000686645508,24.059999465942383,24.10099983215332,23.787181854248047,3100
2019-05-14,24.309999465942383,24.468000411987305,24.110000610351562,24.445999145507812,24.127687454223633,3000
2019-05-15,24.219999313354492,24.486000061035156,24.15999984741211,24.459999084472656,24.141504287719727,8900
2019-05-16,24.5,24.660999298095703,24.450000762939453,24.479999542236328,24.16124725341797,14800
2019-05-17,24.290000915527344,24.3700008392334,24.107999801635742,24.107999801635742,23.794090270996094,16800
2019-05-20,23.799999237060547,23.959999084472656,23.799999237060547,23.856000900268555,23.545373916625977,8200
2019-05-21,23.8799991607666,24.1200008392334,23.8799991607666,24.084999084472656,23.77138900756836,8500
2019-05-22,23.888999938964844,23.888999938964844,23.652999877929688,23.670000076293945,23.361793518066406,8500
2019-05-23,23.297000885009766,23.34000015258789,23.059999465942383,23.104999542236328,22.804149627685547,13200
2019-05-24,23.329999923706055,23.3700008392334,23.219999313354492,23.274999618530273,22.97193717956543,8000
2019-05-28,23.31999969482422,23.31999969482422,23.038999557495117,23.038999557495117,22.739009857177734,9700
2019-05-29,22.808000564575195,22.808000564575195,22.40399932861328,22.610000610351562,22.315597534179688,22900
2019-05-30,22.729999542236328,22.729999542236328,22.400999069213867,22.451000213623047,22.158666610717773,10200
2019-05-31,22.270000457763672,22.270000457763672,22.030000686645508,22.149999618530273,21.861583709716797,120100
2019-06-03,22.170000076293945,22.3439998626709,22.15399932861328,22.25200080871582,21.962257385253906,6800
2019-06-04,22.579999923706055,23.049999237060547,22.479999542236328,23.045000076293945,22.744932174682617,13100
2019-06-05,22.829999923706055,22.829999923706055,22.649999618530273,22.67099952697754,22.37580108642578,4300
2019-06-06,22.75,22.75,22.3799991607666,22.59000015258789,22.295856475830078,15900
2019-06-07,22.790000915527344,22.899999618530273,22.780000686645508,22.834999084472656,22.53766441345215,9200
2019-06-10,23.100000381469727,23.18000030517578,22.969999313354492,22.989999771118164,22.690649032592773,11500
2019-06-11,23.299999237060547,23.299999237060547,22.999000549316406,23.020000457763672,22.720256805419922,13500
2019-06-12,23.030000686645508,23.040000915527344,22.799999237060547,22.85700035095215,22.55937957763672,11600
2019-06-13,22.950000762939453,23.25,22.950000762939453,23.22100067138672,22.91864013671875,4200
2019-06-14,23.299999237060547,23.299999237060547,23.04599952697754,23.04599952697754,22.74591827392578,2800
2019-06-17,22.969999313354492,23.011999130249023,22.908000946044922,22.908000946044922,22.609716415405273,1800
2019-06-18,23.100000381469727,23.5,23.100000381469727,23.267000198364258,22.964040756225586,18000
2019-06-19,23.239999771118164,23.309999465942383,23.207000732421875,23.270000457763672,22.967002868652344,15100
2019-06-20,23.510000228881836,23.517000198364258,23.389999389648438,23.488000869750977,23.182165145874023,3200
2019-06-21,23.360000610351562,23.360000610351562,23.18000030517578,23.229999542236328,22.927522659301758,8700
2019-06-24,23.239999771118164,23.270000457763672,22.985000610351562,22.985000610351562,22.685714721679688,12400
2019-06-25,22.920000076293945,22.920000076293945,22.665000915527344,22.665000915527344,22.502044677734375,3600
2019-06-26,22.889999389648438,22.924999237060547,22.874000549316406,22.874000549316406,22.70953941345215,6000
2019-06-27,23.010000228881836,23.31100082397461,23.010000228881836,23.31100082397461,23.14339828491211,14800
2019-06-28,23.510000228881836,23.770000457763672,23.510000228881836,23.75,23.579240798950195,14800
2019-07-01,23.989999771118164,24.049999237060547,23.6299991607666,23.700000762939453,23.52960205078125,6900
2019-07-02,23.540000915527344,23.600000381469727,23.360000610351562,23.4950008392334,23.326074600219727,29300
2019-07-03,23.55299949645996,23.649999618530273,23.5,23.649999618530273,23.47995948791504,4000
2019-07-05,23.469999313354492,23.738000869750977,23.450000762939453,23.73699951171875,23.566333770751953,3300
2019-07-08,23.739999771118164,23.739999771118164,23.45199966430664,23.464000701904297,23.295297622680664,11100
2019-07-09,23.41200065612793,23.447999954223633,23.336000442504883,23.447999954223633,23.2794132232666,11300
2019-07-10,23.59000015258789,23.59000015258789,23.413999557495117,23.424999237060547,23.25657844543457,10200
2019-07-11,23.489999771118164,23.489999771118164,23.19300079345703,23.222000122070312,23.055036544799805,7500
2019-07-12,23.530000686645508,23.65999984741211,23.520000457763672,23.61199951171875,23.44223403930664,5200
2019-07-15,23.530000686645508,23.530000686645508,23.437000274658203,23.52899932861328,23.35982894897461,7400
2019-07-16,23.59000015258789,23.687999725341797,23.586000442504883,23.610000610351562,23.440248489379883,5500
2019-07-17,23.420000076293945,23.440000534057617,23.290000915527344,23.329999923706055,23.162261962890625,11000
2019-07-18,23.190000534057617,23.280000686645508,23.136999130249023,23.207000732421875,23.040145874023438,3500
2019-07-19,23.3799991607666,23.440000534057617,23.35099983215332,23.35099983215332,23.1831111907959,2200
2019-07-22,23.385000228881836,23.43000030517578,23.290000915527344,23.350000381469727,23.182119369506836,3700
2019-07-23,23.3439998626709,23.386999130249023,23.299999237060547,23.386999130249023,23.21885108947754,2800
2019-07-24,23.56999969482422,23.860000610351562,23.506999969482422,23.854999542236328,23.683486938476562,5400
2019-07-25,23.740999221801758,23.740999221801758,23.420000076293945,23.42099952697754,23.252607345581055,2300
2019-07-26,23.600000381469727,23.739999771118164,23.520000457763672,23.70599937438965,23.53555679321289,4000
2019-07-29,23.56999969482422,23.618999481201172,23.469999313354492,23.618999481201172,23.449182510375977,4000
2019-07-30,23.5049991607666,23.868999481201172,23.5049991607666,23.868999481201172,23.697385787963867,3400
2019-07-31,23.93000030517578,24.15999984741211,23.815000534057617,23.815000534057617,23.643775939941406,4000
2019-08-01,23.97800064086914,24.007999420166016,23.37299919128418,23.420000076293945,23.251615524291992,2900
2019-08-02,23.389999389648438,23.389999389648438,23.047000885009766,23.148000717163086,22.981571197509766,5000
2019-08-05,22.540000915527344,22.549999237060547,22.3799991607666,22.545000076293945,22.382905960083008,10800
2019-08-06,22.457000732421875,22.709999084472656,22.457000732421875,22.709999084472656,22.54671859741211,900
2019-08-07,22.3799991607666,22.639999389648438,22.142000198364258,22.604000091552734,22.441482543945312,4400
2019-08-08,22.989999771118164,23.253999710083008,22.989999771118164,23.253999710083008,23.086807250976562,2700
2019-08-09,22.84000015258789,22.850000381469727,22.73900032043457,22.73900032043457,22.575511932373047,2200
2019-08-12,22.459999084472656,22.46299934387207,22.35099983215332,22.447999954223633,22.286603927612305,3700
2019-08-13,22.979999542236328,22.989999771118164,22.65999984741211,22.68000030517578,22.516935348510742,2500
2019-08-14,22.25,22.25,21.889999389648438,21.94099998474121,21.783246994018555,7300
2019-08-15,21.8799991607666,21.8799991607666,21.68000030517578,21.75,21.59362030029297,70400
2019-08-16,21.799999237060547,22.31399917602539,21.799999237060547,22.288000106811523,22.12775230407715,5400
2019-08-19,22.5,22.729999542236328,22.5,22.677000045776367,22.51395606994629,2700
2019-08-20,22.40999984741211,22.440000534057617,22.31999969482422,22.344999313354492,22.184341430664062,6800
2019-08-21,22.549999237060547,22.65999984741211,22.489999771118164,22.6299991607666,22.46729278564453,10400
2019-08-22,22.700000762939453,22.799999237060547,22.56999969482422,22.670000076293945,22.507007598876953,5300
2019-08-23,22.459999084472656,22.459999084472656,21.8799991607666,21.8799991607666,21.722684860229492,3300
2019-08-26,22.06999969482422,22.148000717163086,22.049999237060547,22.06800079345703,21.90933609008789,3000
2019-08-27,21.920000076293945,21.920000076293945,21.809999465942383,21.875,21.717721939086914,600
2019-08-28,21.809999465942383,22.347999572753906,21.809999465942383,22.28499984741211,22.124774932861328,20900
2019-08-29,22.68000030517578,22.773000717163086,22.575000762939453,22.732999801635742,22.56955337524414,9000
2019-08-30,22.8700008392334,22.8700008392334,22.670000076293945,22.829999923706055,22.665857315063477,43600
2019-09-03,22.434999465942383,22.434999465942383,22.3799991607666,22.43000030517578,22.26873207092285,5200
2019-09-04,22.6299991607666,22.74799919128418,22.610000610351562,22.709999084472656,22.54671859741211,7500
2019-09-05,23.152000427246094,23.530000686645508,23.110000610351562,23.375,23.206937789916992,4000
2019-09-06,23.389999389648438,23.639999389648438,23.389999389648438,23.52899932861328,23.35982894897461,4100
2019-09-09,23.65399932861328,24.030000686645508,23.65399932861328,23.954999923706055,23.78276824951172,6200
2019-09-10,24.030000686645508,24.378999710083008,24.030000686645508,24.378999710083008,24.203720092773438,3500
2019-09-11,24.530000686645508,25.0,24.530000686645508,24.986000061035156,24.806354522705078,1800
2019-09-12,24.8799991607666,25.15999984741211,24.8799991607666,24.988000869750977,24.808340072631836,5100
2019-09-13,25.399999618530273,25.399999618530273,25.139999389648438,25.150999069213867,24.970169067382812,2000
2019-09-16,25.1299991607666,25.292999267578125,25.059999465942383,25.100000381469727,24.919536590576172,49900
2019-09-17,24.850000381469727,25.023000717163086,24.850000381469727,25.0,24.820255279541016,5400
2019-09-18,24.799999237060547,24.799999237060547,24.599000930786133,24.7450008392334,24.567087173461914,2500
2019-09-19,24.829999923706055,24.84000015258789,24.677000045776367,24.677000045776367,24.499576568603516,2600
2019-09-20,24.790000915527344,24.790000915527344,24.65999984741211,24.743000030517578,24.565101623535156,1900
2019-09-23,24.7549991607666,24.8799991607666,24.59000015258789,24.84000015258789,24.661405563354492,4100
2019-09-24,24.809999465942383,24.81999969482422,24.56999969482422,24.594999313354492,24.418167114257812,4800
2019-09-25,24.459999084472656,24.959999084472656,24.459999084472656,24.94499969482422,24.765649795532227,1500
2019-09-26,24.979999542236328,24.979999542236328,24.579999923706055,24.670000076293945,24.492626190185547,2000
2019-09-27,24.823999404907227,24.823999404907227,24.452999114990234,24.488000869750977,24.311935424804688,7700
2019-09-30,24.549999237060547,24.729999542236328,24.549999237060547,24.64699935913086,24.469791412353516,1000
2019-10-01,25.101999282836914,25.101999282836914,24.1299991607666,24.190000534057617,24.01607894897461,2700
2019-10-02,23.81999969482422,23.858999252319336,23.75,23.858999252319336,23.687458038330078,1200
2019-10-03,23.594999313354492,23.905000686645508,23.489999771118164,23.905000686645508,23.73312759399414,5800
2019-10-04,23.969999313354492,24.176000595092773,23.799999237060547,24.176000595092773,24.002178192138672,5900
2019-10-07,24.232999801635742,24.260000228881836,24.18000030517578,24.184999465942383,24.011112213134766,8100
2019-10-08,23.7549991607666,23.81999969482422,23.739999771118164,23.739999771118164,23.569313049316406,2700
2019-10-09,23.899999618530273,23.90999984741211,23.780000686645508,23.815000534057617,23.643775939941406,7000
2019-10-10,23.799999237060547,24.040000915527344,23.799999237060547,23.898000717163086,23.726177215576172,3700
2019-10-11,24.40999984741211,24.673999786376953,24.385000228881836,24.385000228881836,24.20967674255371,1600
2019-10-14,24.040000915527344,24.19099998474121,24.03499984741211,24.19099998474121,24.017070770263672,1200
2019-10-15,24.46500015258789,24.579999923706055,24.46500015258789,24.538999557495117,24.362567901611328,2400
2019-10-16,24.649999618530273,24.719999313354492,24.600000381469727,24.638999938964844,24.461849212646484,4400
2019-10-17,24.860000610351562,25.007999420166016,24.860000610351562,25.007999420166016,24.828195571899414,6500
2019-10-18,24.940000534057617,24.950000762939453,24.68000030517578,24.77899932861328,24.60084342956543,700
2019-10-21,25.209999084472656,25.209999084472656,24.989999771118164,24.9950008392334,24.815292358398438,12600
2019-10-22,25.1200008392334,25.40999984741211,25.1200008392334,25.391000747680664,25.20844268798828,3100
2019-10-23,25.290000915527344,25.496000289916992,25.290000915527344,25.496000289916992,25.31268882751465,500
2019-10-24,25.280000686645508,25.350000381469727,25.280000686645508,25.350000381469727,25.16773796081543,400
2019-10-25,25.554000854492188,25.780000686645508,25.554000854492188,25.76300048828125,25.577768325805664,13600
2019-10-28,25.829999923706055,26.149999618530273,25.829999923706055,26.0,25.813064575195312,15900
2019-10-29,25.850000381469727,26.033000946044922,25.850000381469727,25.957000732421875,25.770374298095703,3800
2019-10-30,25.634000778198242,25.719999313354492,25.59000015258789,25.719999313354492,25.535078048706055,1300
2019-10-31,25.389999389648438,25.389999389648438,25.18000030517578,25.305999755859375,25.124055862426758,3900
2019-11-01,25.735000610351562,25.829999923706055,25.735000610351562,25.781999588012695,25.59663200378418,3000
2019-11-04,25.899999618530273,26.149999618530273,25.899999618530273,26.149999618530273,25.961986541748047,1200
2019-11-05,26.51799964904785,26.540000915527344,26.3799991607666,26.434999465942383,26.244935989379883,7200
2019-11-06,26.097000122070312,26.1200008392334,26.020000457763672,26.045000076293945,25.85774040222168,3600
2019-11-07,26.25,26.25,26.0049991607666,26.0049991607666,25.81802749633789,2200
2019-11-08,26.139999389648438,26.139999389648438,26.010000228881836,26.014999389648438,25.82795524597168,2300
2019-11-11,25.940000534057617,25.940000534057617,25.889999389648438,25.920000076293945,25.733638763427734,3100
2019-11-12,26.040000915527344,26.049999237060547,25.860000610351562,25.860000610351562,25.674070358276367,2600
2019-11-13,25.739999771118164,25.850000381469727,25.649999618530273,25.795000076293945,25.609539031982422,2900
2019-11-14,25.81100082397461,25.922000885009766,25.770000457763672,25.770000457763672,25.584718704223633,2400
2019-11-15,25.90999984741211,25.90999984741211,25.849000930786133,25.849000930786133,25.663150787353516,1100
2019-11-18,25.690000534057617,25.8799991607666,25.690000534057617,25.854999542236328,25.669105529785156,3200
2019-11-19,25.84000015258789,25.8799991607666,25.76300048828125,25.770000457763672,25.584718704223633,2800
2019-11-20,25.729999542236328,25.729999542236328,25.445999145507812,25.445999145507812,25.263046264648438,2200
2019-11-21,25.260000228881836,25.360000610351562,25.260000228881836,25.334999084472656,25.152843475341797,2500
2019-11-22,25.440000534057617,25.55900001525879,25.420000076293945,25.514999389648438,25.33155059814453,6300
2019-11-25,25.708999633789062,26.329999923706055,25.708999633789062,26.309999465942383,26.12083625793457,5200
2019-11-26,26.540000915527344,26.540000915527344,26.36400032043457,26.36400032043457,26.174448013305664,1600
2019-11-27,26.4950008392334,26.4950008392334,26.3700008392334,26.434999465942383,26.244935989379883,1100
2019-11-29,26.290000915527344,26.40999984741211,26.290000915527344,26.393999099731445,26.20423126220703,1100
2019-12-02,26.450000762939453,26.450000762939453,25.864999771118164,25.864999771118164,25.679035186767578,2400
2019-12-03,25.510000228881836,25.833999633789062,25.510000228881836,25.815000534057617,25.62939453125,7300
2019-12-04,25.93899917602539,25.98699951171875,25.922000885009766,25.922000885009766,25.735626220703125,5300
2019-12-05,25.9689998626709,25.969999313354492,25.84000015258789,25.875,25.688962936401367,10600
2019-12-06,26.079999923706055,26.437999725341797,26.079999923706055,26.40999984741211,26.220115661621094,4500
2019-12-09,26.413999557495117,26.5,26.413999557495117,26.468000411987305,26.277700424194336,4900
2019-12-10,26.299999237060547,26.579999923706055,26.299999237060547,26.451000213623047,26.260822296142578,6300
2019-12-11,26.520000457763672,26.549999237060547,26.389999389648438,26.530000686645508,26.33925437927246,32200
2019-12-12,26.93400001525879,26.934999465942383,26.770000457763672,26.934999465942383,26.741342544555664,2100
2019-12-13,26.761999130249023,26.770000457763672,26.631000518798828,26.631000518798828,26.43952751159668,5000
2019-12-16,27.030000686645508,27.030000686645508,26.804000854492188,26.804000854492188,26.611286163330078,5400
2019-12-17,26.864999771118164,27.040000915527344,26.81999969482422,27.040000915527344,26.8455867767334,7700
2019-12-18,27.049999237060547,27.1200008392334,27.04800033569336,27.100000381469727,26.905155181884766,3500
2019-12-19,27.040000915527344,27.079999923706055,27.010000228881836,27.010000228881836,26.8158016204834,6200
2019-12-20,27.049999237060547,27.08799934387207,26.945999145507812,26.966999053955078,26.77311134338379,3000
2019-12-23,26.89699935913086,27.101999282836914,26.89699935913086,27.086000442504883,26.89125633239746,2400
2019-12-24,27.040000915527344,27.05299949645996,26.989999771118164,27.05299949645996,26.908164978027344,2800
2019-12-26,27.100000381469727,27.113000869750977,27.030000686645508,27.083999633789062,26.93899917602539,5000
2019-12-27,27.082000732421875,27.18000030517578,27.065000534057617,27.100000381469727,26.954914093017578,2200
2019-12-30,26.950000762939453,27.100000381469727,26.950000762939453,27.042999267578125,26.898218154907227,24700
2019-12-31,27.06999969482422,27.239999771118164,27.06999969482422,27.09000015258789,26.94496726989746,6000
2020-01-02,27.22599983215332,27.22599983215332,26.920000076293945,27.06999969482422,26.925073623657227,12300
2020-01-03,26.899999618530273,27.03499984741211,26.850000381469727,27.02899932861328,26.884292602539062,6100
2020-01-06,26.722999572753906,26.979999542236328,26.722999572753906,26.954999923706055,26.81068992614746,15300
2020-01-07,26.93000030517578,26.961999893188477,26.760000228881836,26.854000091552734,26.710229873657227,3700
2020-01-08,26.8799991607666,26.979999542236328,26.878999710083008,26.878999710083008,26.735095977783203,13100
2020-01-09,26.860000610351562,26.860000610351562,26.81399917602539,26.84000015258789,26.696306228637695,1000
2020-01-10,26.670000076293945,26.690000534057617,26.6299991607666,26.690000534057617,26.547109603881836,1100
2020-01-13,26.790000915527344,26.969999313354492,26.667999267578125,26.969999313354492,26.82560920715332,3800
2020-01-14,26.94300079345703,27.100000381469727,26.94300079345703,27.070999145507812,26.926067352294922,1600
2020-01-15,27.219999313354492,27.25,27.1299991607666,27.232999801635742,27.087202072143555,1800
2020-01-16,27.799999237060547,27.843000411987305,27.709999084472656,27.843000411987305,27.69393539428711,8300
2020-01-17,27.746000289916992,27.75,27.634000778198242,27.68000030517578,27.531808853149414,5000
2020-01-21,27.65999984741211,27.65999984741211,27.290000915527344,27.29400062561035,27.14787483215332,5900
2020-01-22,27.3700008392334,27.3700008392334,27.236000061035156,27.25,27.104110717773438,2100
2020-01-23,27.09000015258789,27.309999465942383,27.030000686645508,27.274999618530273,27.128976821899414,4900
2020-01-24,26.65999984741211,26.719999313354492,26.610000610351562,26.719999313354492,26.576946258544922,4900
2020-01-27,26.450000762939453,26.450000762939453,26.315000534057617,26.315000534057617,26.174116134643555,2600
2020-01-28,26.47800064086914,26.513999938964844,26.47800064086914,26.513999938964844,26.372051239013672,1700
2020-01-29,26.60700035095215,26.60700035095215,26.229999542236328,26.229999542236328,26.089570999145508,11400
2020-01-30,26.070999145507812,26.190000534057617,25.899999618530273,26.190000534057617,26.049785614013672,5600
2020-01-31,26.139999389648438,26.139999389648438,25.39699935913086,25.39699935913086,25.261030197143555,2200
2020-02-03,25.59000015258789,25.739999771118164,25.479999542236328,25.479999542236328,25.343585968017578,10500
2020-02-04,26.0,26.020000457763672,25.9060001373291,25.93000030517578,25.79117774963379,8800
2020-02-05,26.3700008392334,26.635000228881836,26.350000381469727,26.579999923706055,26.43769645690918,6300
2020-02-06,26.40999984741211,26.416000366210938,26.354999542236328,26.354999542236328,26.21390151977539,800
2020-02-07,25.93000030517578,25.93000030517578,25.777000427246094,25.777000427246094,25.638996124267578,17200
2020-02-10,25.790000915527344,25.81999969482422,25.760000228881836,25.81999969482422,25.681766510009766,3200
2020-02-11,26.049999237060547,26.079999923706055,25.959999084472656,25.982999801635742,25.84389305114746,5100
2020-02-12,26.174999237060547,26.27199935913086,26.100000381469727,26.235000610351562,26.094545364379883,4100
2020-02-13,26.059999465942383,26.29800033569336,26.059999465942383,26.274999618530273,26.13433074951172,4000
2020-02-14,26.190000534057617,26.190000534057617,25.969999313354492,25.969999313354492,25.830963134765625,5500
2020-02-18,26.006000518798828,26.006000518798828,25.836999893188477,25.8700008392334,25.73149871826172,2800
2020-02-19,25.979999542236328,26.1560001373291,25.979999542236328,26.07200050354004,25.932416915893555,7000
2020-02-20,26.549999237060547,26.579999923706055,26.4950008392334,26.530000686645508,26.38796615600586,43800
2020-02-21,26.200000762939453,26.42799949645996,26.200000762939453,26.33799934387207,26.196992874145508,2800
2020-02-24,25.415000915527344,25.450000762939453,25.270000457763672,25.329999923706055,25.19438934326172,9700
2020-02-25,25.389999389648438,25.389999389648438,24.260000228881836,24.299999237060547,24.169902801513672,46100
2020-02-26,24.261999130249023,24.402000427246094,23.700000762939453,23.700000762939453,23.573116302490234,11700
2020-02-27,23.219999313354492,23.8439998626709,22.770000457763672,22.981000900268555,22.85796546936035,18000
2020-02-28,22.190000534057617,22.770000457763672,22.190000534057617,22.56399917602539,22.44319725036621,19100
2020-03-02,22.860000610351562,23.111000061035156,22.349000930786133,23.111000061035156,22.98727035522461,17300
2020-03-03,23.260000228881836,23.260000228881836,22.440000534057617,22.680999755859375,22.559572219848633,23300
2020-03-04,23.18000030517578,23.320999145507812,22.75,23.260000228881836,23.13547134399414,7100
2020-03-05,22.71299934387207,22.71299934387207,22.239999771118164,22.333999633789062,22.21442985534668,7600
2020-03-06,22.284000396728516,22.284000396728516,21.69499969482422,22.072999954223633,21.95482635498047,23200
2020-03-09,20.450000762939453,20.81399917602539,19.95400047302246,20.05900001525879,19.951608657836914,62100
2020-03-10,20.84000015258789,20.84000015258789,19.760000228881836,20.59000015258789,20.479766845703125,13000
2020-03-11,20.238000869750977,20.238000869750977,19.190000534057617,19.44499969482422,19.340896606445312,9100
2020-03-12,18.040000915527344,18.280000686645508,17.316999435424805,17.316999435424805,17.224288940429688,37900
2020-03-13,18.229999542236328,18.229999542236328,17.1299991607666,18.207000732421875,18.109525680541992,49400
2020-03-16,16.43000030517578,17.08099937438965,16.3700008392334,16.3799991607666,16.29230499267578,446300
2020-03-17,16.81999969482422,17.450000762939453,16.040000915527344,17.450000762939453,17.356576919555664,12900
2020-03-18,16.579999923706055,16.961999893188477,15.390000343322754,15.850000381469727,15.765143394470215,10500
2020-03-19,15.84000015258789,16.780000686645508,15.529999732971191,16.530000686645508,16.441503524780273,17600
2020-03-20,16.55500030517578,16.969999313354492,15.6899995803833,15.6899995803833,15.605998992919922,5500
2020-03-23,15.835000038146973,15.835000038146973,14.989999771118164,15.475000381469727,15.475000381469727,104300
2020-03-24,15.9399995803833,17.0,15.89900016784668,17.0,17.0,18100
2020-03-25,17.260000228881836,17.8700008392334,16.788999557495117,17.475000381469727,17.475000381469727,6800
2020-03-26,17.889999389648438,18.488000869750977,17.889999389648438,18.44099998474121,18.44099998474121,189500
2020-03-27,17.459999084472656,17.8700008392334,17.374000549316406,17.374000549316406,17.374000549316406,4800
2020-03-30,17.520000457763672,17.57900047302246,17.34000015258789,17.483999252319336,17.483999252319336,2800
2020-03-31,17.520000457763672,17.649999618530273,17.18000030517578,17.489999771118164,17.489999771118164,9100
2020-04-01,16.600000381469727,16.829999923706055,16.1200008392334,16.167999267578125,16.167999267578125,2700
